total_time,total_inference_time,total_prompt_tokens,total_completion_tokens,total_tasks,total_cost,average_task_time,average_inference_time,average_prompt_tokens,average_completion_tokens,accuracy,min_cost,max_cost,stddev_cost,min_task_time,max_task_time,stddev_task_time,min_inference_time,max_inference_time,stddev_inference_time,median_inference_time,min_prompt_tokens,max_prompt_tokens,stddev_prompt_tokens,min_completion_tokens,max_completion_tokens,stddev_completion_tokens,min_total_tokens,max_total_tokens,stddev_total_tokens,strategy,dataset,model,run
299.4140200614929,299.0061001777649,31154,21717,164,0.04815250000000001,1.825695244277396,1.8232079279132005,189.96341463414635,132.42073170731706,0.7682926829268293,0.0001115,0.000793,0.00012093261478894664,0.6041965484619141,5.465569496154785,0.8800477475393392,0.6025981903076172,5.461980819702148,0.8796649010264807,1.7074878215789795,85,473,70.27918822433278,31,408,71.50683049068309,131,770,112.09781001840865,simple,humaneval,gpt-3.5-turbo-1106,run1
300.37478590011597,300.0227327346802,31154,22251,164,0.0489535,1.8315535725616827,1.8294069069187815,189.96341463414635,135.6768292682927,0.75,0.0001115,0.0008849999999999999,0.0001304472779399258,0.5824077129364014,5.94173002243042,1.0158641909524708,0.5809431076049805,5.939408779144287,1.0155649349482545,1.5991650819778442,85,473,70.27918822433278,31,526,77.65654571074658,131,770,117.9845517180615,simple,humaneval,gpt-3.5-turbo-1106,run2
291.1971220970154,290.8507263660431,31154,21800,164,0.048277000000000014,1.7755922079086304,1.773480038817336,189.96341463414635,132.9268292682927,0.7439024390243902,0.0001115,0.0009365,0.00012945994029411054,0.5920240879058838,6.52484655380249,0.934655506854405,0.590465784072876,6.521651744842529,0.9343289997536799,1.5801165103912354,85,473,70.27918822433278,31,509,76.28703955855613,131,855,118.32097409322489,simple,humaneval,gpt-3.5-turbo-1106,run3
294.3000330924988,293.94181632995605,31154,22482,164,0.049299999999999976,1.7945123969054804,1.7923281483533906,189.96341463414635,137.08536585365854,0.7439024390243902,0.0001115,0.000793,0.00012863882774028274,0.5440387725830078,6.181849241256714,0.8613756657267132,0.5424201488494873,6.180629014968872,0.8610819020993513,1.6964998245239258,85,473,70.27918822433278,24,444,76.88110511956242,131,770,116.34130057448456,simple,humaneval,gpt-3.5-turbo-1106,run4
276.6457214355469,276.2916657924652,31154,22092,164,0.048714999999999994,1.686864155094798,1.684705279222349,189.96341463414635,134.70731707317074,0.7317073170731707,0.0001115,0.000793,0.0001262617351946061,0.6284887790679932,5.432182788848877,0.8394776468827021,0.6270034313201904,5.4297730922698975,0.8391554715209197,1.4708722829818726,85,473,70.27918822433278,31,450,74.87011047851132,131,770,115.48914961150648,simple,humaneval,gpt-3.5-turbo-1106,run5
1566.5328238010406,1566.0928664207458,31154,33126,164,2.9221800000000013,9.55202941342098,9.549346746467963,189.96341463414635,201.9878048780488,0.8719512195121951,0.00636,0.04092,0.005441835586211602,1.8350005149841309,36.6500985622406,5.487238855577204,1.8335230350494385,36.64854454994202,5.487073242775332,8.238579869270325,85,473,70.27918822433278,58,526,73.49788092641413,153,838,116.27394165377778,simple,humaneval,gpt-4-0613,run1
1545.7904875278473,1540.3635573387146,31154,33230,164,2.9284199999999996,9.425551753218581,9.392460715479967,189.96341463414635,202.6219512195122,0.8719512195121951,0.00618,0.04092,0.0054557232042672515,1.9259073734283447,41.201871156692505,5.562466654251954,1.9235801696777344,41.18906378746033,5.5667596889810795,8.003286361694336,85,473,70.27918822433278,56,526,74.54420029349285,150,838,115.96899852496672,simple,humaneval,gpt-4-0613,run2
1380.29909491539,1379.679029226303,31154,33272,164,2.9309400000000005,8.416457895825548,8.412677007477457,189.96341463414635,202.8780487804878,0.8475609756097561,0.00618,0.039720000000000005,0.005562810996506354,2.0639889240264893,27.651105165481567,4.324442622685282,2.0622646808624268,27.649433612823486,4.324735641308293,7.791161775588989,85,473,70.27918822433278,55,506,77.35233551526623,150,882,116.9520870394195,simple,humaneval,gpt-4-0613,run3
1482.0035572052002,1481.5175578594208,31154,33522,164,2.94594,9.03660705612927,9.033643645484274,189.96341463414635,204.40243902439025,0.8597560975609756,0.00618,0.04134,0.005706786013057863,1.8965470790863037,29.623350858688354,4.964087553430049,1.8928751945495605,29.621452808380127,4.9637347293644325,7.712213754653931,85,473,70.27918822433278,55,533,78.66787524295835,150,919,119.89141428606219,simple,humaneval,gpt-4-0613,run4
1563.4877123832703,1561.3895263671875,31154,33616,164,2.9515800000000008,9.533461660873598,9.520667843702363,189.96341463414635,204.97560975609755,0.8719512195121951,0.00618,0.03924,0.0053560804987549055,2.493199586868286,38.094501972198486,4.909290491707485,2.4916727542877197,38.09275531768799,4.908505975269078,8.401461005210876,85,473,70.27918822433278,56,498,73.26981410604996,150,810,114.18700059897716,simple,humaneval,gpt-4-0613,run5
245.76499795913696,245.38094687461853,31154,17042,164,0.04114000000000001,1.498567060726445,1.4962252858208447,189.96341463414635,103.91463414634147,0.7439024390243902,8.6e-05,0.0009055000000000001,0.00011561590173933364,0.3584120273590088,6.242810249328613,0.8085460360842786,0.3567383289337158,6.2389280796051025,0.8083958203233944,1.2997798919677734,85,473,70.27918822433278,17,447,66.67514896908277,114,919,110.56374118525947,simple,humaneval,gpt-3.5-turbo-0613,run1
244.07190585136414,243.71831011772156,31154,17517,164,0.041852499999999994,1.4882433283619765,1.4860872568153753,189.96341463414635,106.8109756097561,0.75,8.6e-05,0.0009055000000000001,0.00011564470682868345,0.34796786308288574,5.344985246658325,0.7865987486281678,0.34639883041381836,5.341699600219727,0.786445850543021,1.330622911453247,85,473,70.27918822433278,17,446,67.36673462482555,114,919,109.7625617121505,simple,humaneval,gpt-3.5-turbo-0613,run2
239.85799765586853,239.43555855751038,31154,17399,164,0.0416755,1.4625487661943204,1.4599729180335999,189.96341463414635,106.09146341463415,0.75,8.6e-05,0.0008784999999999999,0.00011582863456542617,0.37153077125549316,5.885795593261719,0.8241001365523742,0.3699514865875244,5.880856037139893,0.8238876123827247,1.2396773099899292,85,473,70.27918822433278,17,428,67.12279874028432,114,901,110.31862682208937,simple,humaneval,gpt-3.5-turbo-0613,run3
287.21008825302124,240.75617599487305,31154,17655,164,0.04205949999999999,1.7512810259330562,1.4680254633833723,189.96341463414635,107.65243902439025,0.7621951219512195,8.6e-05,0.0009055000000000001,0.00012118116267130135,0.4786868095397949,24.62882661819458,1.9811783664476288,0.47134971618652344,5.8975653648376465,0.8451761812414078,1.2383794784545898,85,473,70.27918822433278,17,446,71.15287219085769,114,919,112.90325949585454,simple,humaneval,gpt-3.5-turbo-0613,run4
299.4013764858246,247.77067136764526,31154,17585,164,0.0419545,1.8256181493038084,1.5107967766319834,189.96341463414635,107.22560975609755,0.7560975609756098,8.6e-05,0.0009055000000000001,0.000123697073173303,0.40641164779663086,25.200626611709595,2.0199376108270575,0.40454745292663574,5.513880014419556,0.8598114205666847,1.2941198348999023,85,473,70.27918822433278,17,447,72.63509319488479,114,919,114.64009138884866,simple,humaneval,gpt-3.5-turbo-0613,run5
1932.8236601352692,1929.6272149085999,31154,53766,164,1.9245200000000013,11.785510122776031,11.766019603101219,189.96341463414635,327.8414634146341,0.9024390243902439,0.00481,0.0222,0.0035092401232610705,3.419973134994507,29.931285858154297,4.707546578787619,3.4188759326934814,29.929065227508545,4.689650262130084,11.13141942024231,85,473,70.27918822433278,125,636,101.90979645645554,223,1014,153.52779481168756,simple,humaneval,gpt-4-turbo-2024-04-09,run1
2016.2678468227386,2008.2511341571808,31154,53785,164,1.9250900000000004,12.29431613916304,12.245433744860858,189.96341463414635,327.9573170731707,0.8841463414634146,0.00439,0.022830000000000003,0.003562503303615134,4.49881911277771,34.90915489196777,5.5917506988093235,4.4968860149383545,34.905314922332764,5.531223246650125,10.927533149719238,85,473,70.27918822433278,118,657,103.3949691202793,203,1043,155.61652508793182,simple,humaneval,gpt-4-turbo-2024-04-09,run2
1973.594887495041,1958.4139275550842,31154,54749,164,1.9540100000000002,12.034115167652688,11.941548338750513,189.96341463414635,333.8353658536585,0.9085365853658537,0.00436,0.02244,0.0036583207827395226,4.1448705196380615,29.139814138412476,4.771361584878938,4.1427929401397705,25.74754047393799,4.581571889990753,11.009374499320984,85,473,70.27918822433278,117,644,106.23335105583578,202,1032,159.16269331501317,simple,humaneval,gpt-4-turbo-2024-04-09,run3
1705.8719234466553,1689.9848263263702,31154,54038,164,1.9326799999999997,10.401658069796678,10.304785526380307,189.96341463414635,329.5,0.9085365853658537,0.0046,0.022420000000000002,0.0036588603928726766,3.1141324043273926,27.83473014831543,4.655799914748189,3.112265110015869,26.596044301986694,4.450564725079798,9.745273351669312,85,473,70.27918822433278,124,677,107.02316130265787,210,980,158.14253065824093,simple,humaneval,gpt-4-turbo-2024-04-09,run4
1649.070496559143,1641.354041814804,31154,53424,164,1.9142600000000007,10.055307905848434,10.008256352529294,189.96341463414635,325.7560975609756,0.8780487804878049,0.00439,0.022410000000000003,0.003544289556916167,3.277128219604492,43.53649187088013,5.570469655252179,3.2755353450775146,43.534122943878174,5.468253978055812,8.932087182998657,85,473,70.27918822433278,118,643,103.04094855520337,203,1036,154.69711347517767,simple,humaneval,gpt-4-turbo-2024-04-09,run5
371.80053639411926,318.3487582206726,31154,26413,164,0.05519650000000002,2.2670764414275566,1.9411509647601988,189.96341463414635,161.0548780487805,0.7621951219512195,0.00010400000000000001,0.0009365,0.00014638788037232194,0.5884487628936768,22.623887300491333,1.9243393317158686,0.43245816230773926,6.540429592132568,0.9913791707801787,1.752508521080017,85,473,70.27918822433278,17,509,84.78317730524591,134,855,132.24579609034933,simple,humaneval,gpt-3.5-turbo-0125,run1
397.33553814888,347.486918926239,31154,26378,164,0.055144000000000026,2.4227776716395124,2.1188226763795064,189.96341463414635,160.84146341463415,0.7195121951219512,0.00010400000000000001,0.0009365,0.00014406125665186015,0.5007050037384033,22.123838186264038,1.9512925180433338,0.4225170612335205,8.186654329299927,1.1271212231256464,1.948591709136963,85,473,70.27918822433278,17,509,83.51157584977524,134,855,130.44514998256074,simple,humaneval,gpt-3.5-turbo-0125,run2
385.4097442626953,325.0633137226105,31154,26221,164,0.054908500000000034,2.350059416235947,1.982093376357381,189.96341463414635,159.8841463414634,0.725609756097561,0.00010400000000000001,0.0009365,0.00014382367569833944,0.6003658771514893,22.11180329322815,1.8217237115261853,0.38582301139831543,6.126552104949951,0.8907313632298898,1.8509527444839478,85,473,70.27918822433278,17,509,82.68332666176266,134,855,131.14893863254903,simple,humaneval,gpt-3.5-turbo-0125,run3
376.9750642776489,323.1445162296295,31154,26146,164,0.054796000000000004,2.2986284407173714,1.9703933916440823,189.96341463414635,159.4268292682927,0.7439024390243902,0.00010400000000000001,0.0009365,0.0001438189804827222,0.7152712345123291,21.471225261688232,1.8301298509022765,0.6792199611663818,6.3478615283966064,0.9640975490756563,1.7119817733764648,85,473,70.27918822433278,37,509,81.91159838887884,134,855,132.10710992672455,simple,humaneval,gpt-3.5-turbo-0125,run4
370.47977232933044,318.7552683353424,31154,25765,164,0.054224499999999995,2.2590230020081123,1.9436296849716,189.96341463414635,157.10365853658536,0.7439024390243902,0.00010400000000000001,0.0009365,0.00013845321380060593,0.6972472667694092,21.86560893058777,1.8458571777505839,0.5042450428009033,6.183584928512573,0.9282352268053294,1.746940016746521,85,473,70.27918822433278,17,509,79.99705661015032,134,855,126.69954465069715,simple,humaneval,gpt-3.5-turbo-0125,run5
2172.951800107956,2169.857821702957,31154,51022,164,1.8421999999999996,13.249706098219244,13.230840376237543,189.96341463414635,311.109756097561,0.8658536585365854,0.00421,0.026010000000000002,0.0035089756909276494,4.265836000442505,36.21484899520874,4.862780662923494,4.264478921890259,36.211755990982056,4.830674962636562,12.140833377838135,85,473,70.27918822433278,112,763,101.9560841461591,197,1075,153.4461621369116,simple,humaneval,gpt-4-1106-preview,run1
2063.9072012901306,2060.876388311386,31154,51503,164,1.8566300000000002,12.58480000786665,12.566319440923087,189.96341463414635,314.0426829268293,0.8597560975609756,0.00457,0.02484,0.003408294432330229,5.117722988128662,27.535874843597412,4.156295015102123,5.1164538860321045,27.532404899597168,4.135986079738534,11.960930705070496,85,473,70.27918822433278,124,724,99.07630761896635,209,1036,149.60653905163647,simple,humaneval,gpt-4-1106-preview,run2
2077.923707485199,2072.550922393799,31154,51382,164,1.8530000000000004,12.670266509056091,12.637505624352432,189.96341463414635,313.3048780487805,0.8780487804878049,0.004540000000000001,0.02424,0.0034186907371721643,4.540069818496704,26.423282146453857,4.408410204936379,4.538641929626465,26.421464920043945,4.35455342591058,12.145332217216492,85,473,70.27918822433278,123,704,98.28226397291364,208,1016,151.43356264862058,simple,humaneval,gpt-4-1106-preview,run3
2068.470718860626,2065.1838517189026,31154,51947,164,1.869950000000001,12.612626334516014,12.592584461700625,189.96341463414635,316.75,0.8658536585365854,0.00493,0.02154,0.0035639210785716057,5.104875564575195,24.971468925476074,4.22458341322854,5.103473663330078,24.967774152755737,4.186069118773576,12.120572328567505,85,473,70.27918822433278,133,614,103.8105503698837,221,955,155.17074566341793,simple,humaneval,gpt-4-1106-preview,run4
1974.6085224151611,1971.2287888526917,31154,51350,164,1.8520399999999995,12.04029586838513,12.019687736906656,189.96341463414635,313.109756097561,0.8597560975609756,0.00442,0.02316,0.003404032429323973,4.625404596328735,25.03667163848877,4.075669809576437,4.624415874481201,25.0163791179657,4.0581371974633385,11.578663349151611,85,473,70.27918822433278,119,668,97.67901685460639,204,980,151.1131522973654,simple,humaneval,gpt-4-1106-preview,run5
713.1315717697144,2225.2153747081757,141341,18503,164,8.272590000000006,4.348363242498258,4.01903968467945,861.8353658536586,112.82317073170732,0.926829268292683,0.0,1.53498,0.1971584173024168,0.1317589282989502,211.83347129821777,25.2905864662513,0.0,201.7327389717102,24.61545888936777,0.0,0,41230,5236.712792828131,0,6626,708.5112875693637,0,45692,5899.562481894691,ldb,humaneval,gpt-4-0613+gpt-4-0613,run1
913.3820922374725,2422.1248486042023,187202,23410,164,9.949079999999997,5.569403001448003,5.3765932394237055,1141.4756097560976,142.7439024390244,0.9085365853658537,0.0,1.57377,0.21730669475205786,0.12307882308959961,268.96222496032715,29.654330492672166,0.0,267.3249776363373,29.430764721999147,0.0,0,41222,5795.5473361695385,0,6999,776.8503311958849,0,46273,6513.466308371587,ldb,humaneval,gpt-4-0613+gpt-4-0613,run2
685.9322464466095,2033.2941620349884,157038,17617,164,8.6991,4.18251369784518,3.9854581268822273,957.5487804878048,107.42073170731707,0.9085365853658537,0.0,1.6682400000000004,0.21571628316003424,0.12809491157531738,214.8636236190796,23.817954843757814,0.0,213.2040650844574,23.593763934256796,0.0,0,46892,5948.140420142127,0,5455,644.8509789781139,0,50169,6567.0622900779745,ldb,humaneval,gpt-4-0613+gpt-4-0613,run3
842.1010947227478,2239.21599984169,170008,21959,164,9.36372,5.134762772699681,4.620112451111398,1036.6341463414635,133.89634146341464,0.9146341463414634,0.0,1.8181800000000001,0.2225698907107161,0.13318657875061035,268.6616003513336,27.327610859771077,0.0,260.4421954154968,26.424631075065594,0.0,0,45354,5913.6206820231055,0,7626,774.4146700660615,0,52980,6663.819488625041,ldb,humaneval,gpt-4-0613+gpt-4-0613,run4
794.0224895477295,2277.8965830802917,198365,22678,164,10.263210000000004,4.8416005460227405,4.368945467762831,1209.5426829268292,138.28048780487805,0.9024390243902439,0.0,1.84635,0.24839019091548448,0.13400769233703613,262.6840145587921,26.666578859560655,0.0,256.2802526950836,25.800100418692896,0.0,0,45947,6764.700131516003,0,7799,802.544217758392,0,53746,7517.51285062667,ldb,humaneval,gpt-4-0613+gpt-4-0613,run5
3408.744767189026,5300.516640901566,328948,57317,164,6.933510000000003,20.785029068225768,20.554203817030277,2005.780487804878,349.4939024390244,0.926829268292683,0.0,0.67529,0.13097405967990042,0.10963869094848633,631.0595586299896,90.43249620956888,0.0,629.5151214599609,90.13997575923088,0.0,0,43834,8620.491305265426,0,9830,1521.0390882347672,0,51419,10104.230538591686,ldb,humaneval,gpt-4-turbo-2024-04-09+gpt-4-turbo-2024-04-09,run1
3959.2056624889374,5922.443379402161,320380,64968,164,7.07793,24.141497942005717,23.86702588564012,1953.5365853658536,396.1463414634146,0.9329268292682927,0.0,0.6815100000000001,0.13098471914318824,0.11364459991455078,653.1972270011902,101.52214124299503,0.0,651.4996814727783,101.21343493894801,0.0,0,45038,8148.357014858767,0,10013,1679.9200727550785,0,51976,9788.23480627504,ldb,humaneval,gpt-4-turbo-2024-04-09+gpt-4-turbo-2024-04-09,run2
2432.7823417186737,4342.014012336731,196050,39972,164,5.113670000000001,14.834038669016303,14.534146858424675,1195.4268292682927,243.73170731707316,0.9390243902439024,0.0,0.6976400000000001,0.10380711556565837,0.1169285774230957,526.9317643642426,78.22766544726862,0.0,525.208348274231,77.96570174199559,0.0,0,44756,6463.118046592043,0,10310,1324.7828904082885,0,52351,7762.573970633618,ldb,humaneval,gpt-4-turbo-2024-04-09+gpt-4-turbo-2024-04-09,run3
3387.5874207019806,5022.405726909637,248447,52173,164,5.982340000000001,20.656020857938906,20.31963963770285,1514.9207317073171,318.1280487804878,0.9451219512195121,0.0,0.74813,0.11796952932661729,0.11689949035644531,680.46275639534,98.498946954753,0.0,672.7505350112915,97.93777914515272,0.0,0,44184,7248.926540360511,0,10796,1549.2898834666546,0,53221,8753.288441350665,ldb,humaneval,gpt-4-turbo-2024-04-09+gpt-4-turbo-2024-04-09,run4
3306.130888938904,4900.40145111084,312343,54394,164,6.669509999999999,20.159334688651853,19.872240300585585,1904.530487804878,331.6707317073171,0.9207317073170732,0.0,0.66576,0.1246055495684373,0.1197211742401123,503.42211389541626,86.44960961648987,0.0,501.7404980659485,86.11649534271947,0.0,0,45195,8206.484123783548,0,7880,1439.929689446382,0,52322,9618.000625858625,ldb,humaneval,gpt-4-turbo-2024-04-09+gpt-4-turbo-2024-04-09,run5
1499.7889199256897,3637.6573057174683,185048,30403,164,4.60477,9.145054389790792,8.949996853747018,1128.341463414634,185.3841463414634,0.9207317073170732,0.0,0.6464000000000002,0.08435502759388061,0.11050271987915039,363.8492238521576,46.01778998133863,0.0,362.4282512664795,45.83548367955918,0.0,0,45332,5635.645639344082,0,7011,945.6803919260989,0,51768,6565.385033799579,ldb,humaneval,gpt-4-1106-preview+gpt-4-1106-preview,run1
3394.77028465271,5417.619955778122,384155,68965,164,7.767129999999999,20.699818808857987,20.467948582114243,2342.4085365853657,420.5182926829268,0.8902439024390244,0.0,0.67423,0.139241367715564,0.1070413589477539,448.42910718917847,80.71570817924564,0.0,447.0226857662201,80.42224424834693,0.0,0,46570,9031.20210140882,0,8407,1654.6946875075712,0,53521,10654.869318341367,ldb,humaneval,gpt-4-1106-preview+gpt-4-1106-preview,run2
3762.4147279262543,5788.03924703598,400515,70693,164,7.978940000000002,22.941553219062527,22.65541661367184,2442.1646341463415,431.0548780487805,0.8963414634146342,0.0,0.6485400000000001,0.1440243991177848,0.10977792739868164,458.64739894866943,88.84783554093481,0.0,457.15046191215515,88.53672769761796,0.0,0,46186,9429.515157290096,0,8903,1685.0833670845898,0,52054,11078.880086172461,ldb,humaneval,gpt-4-1106-preview+gpt-4-1106-preview,run3
3258.076799631119,5283.692782878876,369803,62995,164,7.457830000000001,19.866321948970235,19.62505445829252,2254.8963414634145,384.1158536585366,0.9207317073170732,0.0,0.6610300000000001,0.13197002853233186,0.10862374305725098,472.00910687446594,77.43373229752635,0.0,470.5723536014557,77.18044488320567,0.0,0,43984,8733.497204364174,0,9497,1518.5828572952632,0,51029,10212.284559599322,ldb,humaneval,gpt-4-1106-preview+gpt-4-1106-preview,run4
5350.732586860657,4821.166961431503,273962,52030,164,6.15256,32.62641821256498,17.377671784017146,1670.5,317.2560975609756,0.9085365853658537,0.0,0.69287,0.11866480913786981,0.11471676826477051,968.8413236141205,153.49903838539385,0.0,512.6054270267487,80.3665105316877,0.0,0,43701,7451.485952603044,0,9541,1485.9782946913726,0,50434,8918.40542786262,ldb,humaneval,gpt-4-1106-preview+gpt-4-1106-preview,run5
986.482743024826,4003.8815507888794,193519,27489,164,16.14675,6.015138676980647,5.8120580039373255,1179.9939024390244,167.6158536585366,0.9146341463414634,0.0,1.61829,0.21698547526221212,0.12681126594543457,228.70900058746338,27.99843229923101,0.0,227.1280300617218,27.785688520916583,0.0,0,46531,5724.7398863908,0,6846,802.2770997465866,0,50237,6472.999956413753,ldb,humaneval,gpt-4-0613+reflexion,run1
1734.0940644741058,4277.424840211868,325277,45661,164,20.79735000000001,10.573744295573816,9.893664887765558,1983.3963414634147,278.4207317073171,0.9024390243902439,0.0,1.7209799999999997,0.30538100932065126,0.12973427772521973,281.324196100235,41.02102850271787,0.0,272.2621467113495,39.570174203508316,0.0,0,46604,8035.650628667152,0,7038,1102.8053128703937,0,51960,9103.813321061532,ldb,humaneval,gpt-4-0613+reflexion,run2
1201.7991387844086,3965.306990623474,239463,33913,164,17.429789999999997,7.328043529173223,6.832760030176582,1460.1402439024391,206.78658536585365,0.9024390243902439,0.0,1.88721,0.27838148757267334,0.13199210166931152,274.4748041629791,34.59943490525963,0.0,268.2698223590851,33.67660255486718,0.0,0,46994,7302.085046283409,0,8282,1023.8387272665776,0,54625,8286.461907935643,ldb,humaneval,gpt-4-0613+reflexion,run3
1329.8305110931396,3823.251670360565,294456,35652,164,19.234860000000005,8.108722628616706,7.649901712813029,1795.4634146341464,217.390243902439,0.9085365853658537,0.0,1.7060700000000004,0.29167940934054387,0.11865377426147461,214.8167004585266,32.49271897856435,0.0,212.71342206001282,31.674938813883312,0.0,0,48771,7989.324939341456,0,6260,906.9182193513102,0,52820,8851.953906691046,ldb,humaneval,gpt-4-0613+reflexion,run4
1013.3502514362335,3208.8411173820496,221832,29966,164,16.434420000000003,6.178964947781911,5.961257922940138,1352.6341463414635,182.71951219512195,0.8963414634146342,0.0,1.7658,0.2611095488007026,0.12100768089294434,220.74797177314758,29.84494595014273,0.0,218.95092225074768,29.576851233563414,0.0,0,47426,6937.9363438961955,0,6800,901.3892450826562,0,53143,7818.679786525322,ldb,humaneval,gpt-4-0613+reflexion,run5
2175.9384293556213,5358.8612408638,199124,39788,164,7.310690000000001,13.267917252168424,13.036348645280047,1214.1707317073171,242.609756097561,0.9207317073170732,0.0,0.64145,0.10089308062395266,0.1199960708618164,513.9686179161072,68.85087395718503,0.0,512.3189876079559,68.4972396942991,0.0,0,42542,6355.54524757591,0,9457,1270.3579492284991,0,49743,7591.60044722401,ldb,humaneval,gpt-4-turbo-2024-04-09+reflexion,run1
1431.2912051677704,4599.54674243927,158625,28325,164,6.330630000000003,8.727385397364454,8.53945144502128,967.2256097560976,172.71341463414635,0.9512195121951219,0.0,0.61803,0.08335061997571869,0.12355709075927734,451.87853264808655,48.60192943130433,0.0,450.1976103782654,48.41072786481921,0.0,0,45993,5541.186838083953,0,9500,989.521268431275,0,51263,6455.174864876742,ldb,humaneval,gpt-4-turbo-2024-04-09+reflexion,run2
1551.2939133644104,4745.557625293732,158665,28109,164,6.192349999999999,9.459109227831771,9.253645440427269,967.469512195122,171.39634146341464,0.9390243902439024,0.0,0.7280800000000001,0.09011353852948818,0.118896484375,520.4368467330933,57.06932594494094,0.0,517.9927041530609,56.801896872431946,0.0,0,43907,5873.0533675389415,0,9979,1063.102524180546,0,52850,6913.968665377414,ldb,humaneval,gpt-4-turbo-2024-04-09+reflexion,run3
4004.608469247818,7319.720814228058,359863,72450,164,9.634290000000004,24.41834432468182,24.14875304553567,2194.2865853658536,441.7682926829268,0.9207317073170732,0.0,0.6972800000000001,0.13962058428326404,0.12617993354797363,565.2503523826599,98.93997481513372,0.0,562.6631047725677,98.54153690731921,0.0,0,43165,8726.949552975944,0,9992,1788.6785422700848,0,50938,10457.248634175718,ldb,humaneval,gpt-4-turbo-2024-04-09+reflexion,run4
1943.6183190345764,5461.74725651741,187553,37474,164,6.843139999999998,11.851331213625466,11.595181639601545,1143.6158536585365,228.5,0.9146341463414634,0.0,0.7153999999999998,0.09388198349539664,0.1267862319946289,531.330069065094,61.17283547295146,0.0,528.0263426303864,60.77590084209933,0.0,0,42091,5827.353507434229,0,10426,1206.4656717776575,0,50688,7007.638916412189,ldb,humaneval,gpt-4-turbo-2024-04-09+reflexion,run5
878.506560087204,4037.590418100357,383882,34774,164,4.369912000000001,5.356747317604903,4.979819238185883,2340.743902439024,212.03658536585365,0.8780487804878049,0.0,0.0268095,0.005870200268383714,0.12468886375427246,134.0928463935852,20.815743328330456,0.0,130.06350994110107,20.041165274346035,0.0,0,43146,9259.701086101555,0,5706,863.6883021761242,0,46251,10080.432997838507,ldb,humaneval,gpt-3.5-turbo-0125+reflexion,run1
1034.900322675705,4189.184854269028,478756,43580,164,4.199378000000002,6.3103678211933225,6.037244809836876,2919.243902439024,265.7317073170732,0.8963414634146342,0.0,0.029577000000000006,0.00656904154194047,0.11825132369995117,116.25531148910522,22.19941252985266,0.0,114.33828377723694,21.819654166438212,0.0,0,44694,10346.655381538443,0,5276,967.9452850325266,0,49514,11270.821825088817,ldb,humaneval,gpt-3.5-turbo-0125+reflexion,run2
718.6222603321075,3908.517501115799,335252,31749,164,3.9776794999999994,4.381843050805534,4.149742244220361,2044.219512195122,193.59146341463415,0.9146341463414634,0.0,0.0321175,0.005811918526491885,0.12077879905700684,173.2124433517456,20.094519760198907,0.0,170.88393688201904,19.79485558695317,0.0,0,45511,9033.373914022224,0,8413,939.3276659269434,0,48143,9883.036942012279,ldb,humaneval,gpt-3.5-turbo-0125+reflexion,run3
1013.7220425605774,4330.348744869232,516948,44248,164,4.187006000000003,6.181231966832789,5.920874573835513,3152.121951219512,269.8048780487805,0.8902439024390244,0.0,0.035063,0.006781691470917749,0.11930704116821289,158.74819207191467,22.175785672344727,0.0,156.98915266990662,21.834389760718363,0.0,0,46980,10742.049418189625,0,7800,1017.4331221327859,0,54526,11669.584215450195,ldb,humaneval,gpt-3.5-turbo-0125+reflexion,run4
1244.8959052562714,4756.455110788345,621363,52828,164,4.233313499999999,7.590828690587021,7.294619775399929,3788.798780487805,322.1219512195122,0.8658536585365854,0.0,0.032637999999999986,0.007606628118433251,0.11264562606811523,147.06572318077087,25.399302455883788,0.0,145.5236439704895,24.993337341891802,0.0,0,51353,12135.39264365616,0,6795,1131.7556250589662,0,53031,13143.99038586139,ldb,humaneval,gpt-3.5-turbo-0125+reflexion,run5
592.8686635494232,2473.2274408340454,415145,29982,164,2.177065500000001,3.6150528265208735,3.3146355239356438,2531.371951219512,182.8170731707317,0.9207317073170732,0.0,0.027775999999999995,0.005987596734092097,0.11609506607055664,76.96279859542847,13.425187401189353,0.0,75.33820271492004,13.114127958913212,0.0,0,47266,9879.514862381566,0,4424,727.1795944960941,0,50028,10574.21621140418,ldb,humaneval,gpt-3.5-turbo-0125+gpt-4-turbo-2024-04-09,run1
791.9015023708344,2748.0913310050964,534980,40947,164,2.254000500000001,4.828667697383136,4.51122071248729,3262.0731707317073,249.6768292682927,0.8963414634146342,0.0,0.0275045,0.006815634880927773,0.12055158615112305,86.52941179275513,16.05433135925151,0.0,85.04311037063599,15.679124449309565,0.0,0,46092,11119.011053345937,0,5211,877.0084254757927,0,48434,11950.752643790578,ldb,humaneval,gpt-3.5-turbo-0125+gpt-4-turbo-2024-04-09,run2
607.0657403469086,2512.4310462474823,349111,30924,164,2.1749515,3.7016203679689546,3.3781531627585246,2128.7256097560976,188.5609756097561,0.9207317073170732,0.0,0.029975999999999996,0.005562295653050533,0.11869955062866211,81.25308275222778,14.515432379231148,0.0,80.04198956489563,14.133529948379605,0.0,0,48249,8825.867599700228,0,4674,792.8714391113805,0,52150,9587.779353407905,ldb,humaneval,gpt-3.5-turbo-0125+gpt-4-turbo-2024-04-09,run3
577.6302192211151,2208.9966707229614,327268,29329,164,2.1403075,3.52213548305558,3.1647063682718977,1995.5365853658536,178.83536585365854,0.9207317073170732,0.0,0.028557,0.005504011437946959,0.11504697799682617,91.8443853855133,14.636938450026802,0.0,85.63601446151733,14.166258288971607,0.0,0,48705,8693.406705070089,0,5069,814.6788691539001,0,51508,9457.712865815634,ldb,humaneval,gpt-3.5-turbo-0125+gpt-4-turbo-2024-04-09,run4
713.8333876132965,2304.28436088562,455701,36322,164,2.196593500000001,4.352642607398149,4.042258043114732,2778.6646341463415,221.47560975609755,0.8902439024390244,0.0,0.028482999999999998,0.006316241019466716,0.1203155517578125,81.24635863304138,15.409250387209758,0.0,79.75336146354675,15.08100959621087,0.0,0,47453,10216.117364410227,0,4640,839.3456584571053,0,50624,11016.513417964254,ldb,humaneval,gpt-3.5-turbo-0125+gpt-4-turbo-2024-04-09,run5
439.6606636047363,1966.4349255561829,326277,38419,164,3.1429470000000013,2.680857704906929,2.441110116679494,1989.4939024390244,234.2621951219512,0.8902439024390244,0.0,0.033516,0.005976333218957478,0.13670659065246582,74.37271046638489,11.7414575257762,0.0,72.62835502624512,11.419167543632632,0.0,0,47007,8769.443745954444,0,7419,1108.5965031992394,0,53682,9820.023845211108,ldb,humaneval,gpt-3.5-turbo-0613+gpt-4-0613,run1
530.4068558216095,2026.1821987628937,466410,46918,164,3.2320019999999996,3.2341881452537162,2.9623087891718236,2843.9634146341464,286.0853658536585,0.8902439024390244,0.0,0.031347999999999994,0.006745416551338388,0.13360929489135742,73.50044441223145,11.837228651356206,0.0,71.74060440063477,11.456009696556656,0.0,0,49397,10374.225896697475,0,6264,1113.2894684316043,0,53830,11399.052929557674,ldb,humaneval,gpt-3.5-turbo-0613+gpt-4-0613,run2
569.9023082256317,1902.1891813278198,406720,49939,164,3.209208500000001,3.475014074546535,3.1860375128141265,2480.0,304.5060975609756,0.8719512195121951,0.0,0.031387,0.006642849666031789,0.13916659355163574,81.22550916671753,13.482502240857903,0.0,79.34149026870728,13.116965334308846,0.0,0,49397,9710.794325991967,0,7726,1258.9957410715142,0,53830,10887.277559445443,ldb,humaneval,gpt-3.5-turbo-0613+gpt-4-0613,run3
618.1285300254822,2054.1085221767426,468612,52713,164,3.2593155,3.7690764025944037,3.49140831900806,2857.390243902439,321.4207317073171,0.8841463414634146,0.0,0.0372625,0.007110122704927409,0.1346580982208252,96.14363384246826,14.331527970516522,0.0,94.32637429237366,13.953285690119957,0.0,0,49397,10564.898254259197,0,8524,1278.9777310894722,0,57477,11770.511537205432,ldb,humaneval,gpt-3.5-turbo-0613+gpt-4-0613,run4
387.66751623153687,1906.913917541504,331944,34055,164,3.1686345000000005,2.363826318484981,2.106856043745832,2024.0487804878048,207.65243902439025,0.8963414634146342,0.0,0.0308685,0.005699471849790563,0.1313800811767578,64.48691320419312,9.694147953986208,0.0,62.722859144210815,9.361727055223131,0.0,0,47182,8687.738836761,0,6264,941.6427272057784,0,51315,9584.177646926797,ldb,humaneval,gpt-3.5-turbo-0613+gpt-4-0613,run5
958.8046886920929,3959.7981045246124,627160,80928,164,9.126812000000001,5.846370053000566,5.543256502325942,3824.1463414634145,493.4634146341463,0.8597560975609756,0.0,0.038123,0.008430747298818445,0.1339552402496338,108.52962613105774,19.242892094171417,0.0,106.6778359413147,18.829780587763075,0.0,0,55636,12167.78026408843,0,9521,1676.727543854997,0,62506,13705.853513961176,ldb,humaneval,gpt-3.5-turbo-0613+reflexion,run1
971.9503371715546,3557.9778118133545,712447,79720,164,8.775183500000006,5.926526446168015,5.506792763384377,4344.1890243902435,486.0975609756098,0.8536585365853658,0.0,0.03123200000000001,0.0082796473381657,0.13184809684753418,97.79248404502869,17.65863080913619,0.0,96.03407406806946,17.027720267644526,0.0,0,44986,12408.477530321448,0,8699,1528.8275559869187,0,48031,13761.38301241185,ldb,humaneval,gpt-3.5-turbo-0613+reflexion,run2
744.1470835208893,3542.1138224601746,569743,61929,164,8.588885000000007,4.537482216590789,4.252313882839389,3474.0426829268295,377.6158536585366,0.8780487804878049,0.0,0.038123,0.00765586163219567,0.1329054832458496,85.05666255950928,14.934214322870464,0.0,83.37209510803223,14.535815798987109,0.0,0,55636,11560.93221842007,0,7736,1333.1854026293302,0,62506,12794.463345999913,ldb,humaneval,gpt-3.5-turbo-0613+reflexion,run3
682.9483575820923,3190.641618490219,617286,57966,164,8.657651999999999,4.164319253549343,3.7925233477499427,3763.939024390244,353.4512195121951,0.8841463414634146,0.0,0.0333235,0.007635540420843182,0.1335010528564453,73.66743850708008,13.339936204130666,0.0,71.75730299949646,12.668961584882245,0.0,0,48822,11975.215672940387,0,7175,1177.9166401332475,0,52297,13060.022527208464,ldb,humaneval,gpt-3.5-turbo-0613+reflexion,run4
685.8085141181946,2855.631086587906,620490,60105,164,8.3819025,4.181759232428016,3.807538222975847,3783.4756097560976,366.4939024390244,0.8597560975609756,0.0,0.038123,0.00791334815656987,0.1316239833831787,82.76061964035034,13.8716934536999,0.0,80.90131425857544,13.277091214935089,0.0,0,55636,12221.670833757822,0,8424,1300.8894903950375,0,62506,13404.836332812656,ldb,humaneval,gpt-3.5-turbo-0613+reflexion,run5
928.75612449646,1165.3890504837036,939227,66260,164,0.6171560000000004,5.66314710058817,5.282822867719139,5726.993902439024,404.0243902439024,0.823170731707317,0.0,0.03171,0.008359762126780466,0.11139631271362305,66.52983665466309,14.121954878542278,0.0,65.08164834976196,13.501964803669525,0.0,0,46494,13759.504687500978,0,5642,1096.671114392915,0,52136,14730.62913973548,ldb,humaneval,gpt-3.5-turbo-1106+gpt-3.5-turbo-1106,run1
895.1277596950531,1141.6945748329163,981289,62500,164,0.6333479999999996,5.458096095701543,5.132145378647781,5983.469512195122,381.0975609756098,0.7987804878048781,0.0,0.029514499999999996,0.008250038397728603,0.11240911483764648,69.43335700035095,12.84476151841679,0.0,67.99192643165588,12.466497715090219,0.0,0,47773,13952.410278142517,0,6336,1005.1382606083603,0,50012,14782.086251694273,ldb,humaneval,gpt-3.5-turbo-1106+gpt-3.5-turbo-1106,run2
905.7513566017151,1132.3865678310394,1038989,62831,164,0.6620180000000003,5.522874125620214,5.13131610649388,6335.298780487805,383.1158536585366,0.823170731707317,0.0,0.029243500000000002,0.008502461102517784,0.11000871658325195,63.366636753082275,12.659011639938475,0.0,52.022425413131714,12.022021758417864,0.0,0,49767,14433.99438620015,0,4687,949.4298024002459,0,52449,15280.044343117506,ldb,humaneval,gpt-3.5-turbo-1106+gpt-3.5-turbo-1106,run3
897.40118932724,1139.798838376999,925668,60074,164,0.6022450000000004,5.471958471507561,5.157664768579529,5644.317073170731,366.3048780487805,0.8170731707317073,0.0,0.0283265,0.008116994200346504,0.11371493339538574,68.78408765792847,13.08837202154503,0.0,67.41344809532166,12.720467160334351,0.0,0,47041,13704.418502806851,0,6155,988.0664105375207,0,48694,14529.359942362566,ldb,humaneval,gpt-3.5-turbo-1106+gpt-3.5-turbo-1106,run4
937.1461756229401,1155.3162291049957,953805,63548,164,0.6209394999999996,5.714305948920366,5.359905873856893,5815.884146341464,387.4878048780488,0.7987804878048781,0.0,0.028472499999999998,0.008278314806688223,0.11412429809570312,69.01764607429504,13.900023533034695,0.0,67.59382438659668,13.536342283125194,0.0,0,52179,13877.947162774228,0,5338,1030.029497986117,0,53526,14752.977715924686,ldb,humaneval,gpt-3.5-turbo-1106+gpt-3.5-turbo-1106,run5
1123.228018283844,1191.687377691269,819566,63627,164,0.56042,6.848951330999049,5.325235484576806,4997.3536585365855,387.969512195122,0.8292682926829268,0.0,0.028736999999999995,0.008068319993149076,0.11234211921691895,92.29721069335938,17.257773500697972,0.0,63.36833691596985,14.003122402954238,0.0,0,49608,13227.073765179346,0,4920,1049.9441260259746,0,52230,14185.530360426303,ldb,humaneval,gpt-3.5-turbo-0125+gpt-3.5-turbo-0125,run1
1600.2156066894531,1668.9699413776398,1162092,91216,164,0.7730140000000001,9.7574122359113,8.057823307630493,7085.926829268293,556.1951219512196,0.7865853658536586,0.0,0.030068000000000004,0.00952356757525204,0.11006331443786621,146.74835348129272,23.110590107896996,0.0,131.31204867362976,19.390381017863728,0.0,0,50197,15491.158064874691,0,6019,1293.4384377962087,0,53380,16660.406316265922,ldb,humaneval,gpt-3.5-turbo-0125+gpt-3.5-turbo-0125,run2
1219.8720304965973,1282.7428545951843,975589,67680,164,0.6442229999999995,7.438244088393886,5.839509395564475,5948.713414634146,412.6829268292683,0.7865853658536586,0.0,0.030786,0.008431924261466826,0.11033964157104492,132.2788074016571,18.568067122268186,0.0,67.28366184234619,13.988504145709502,0.0,0,54140,14088.732135115411,0,5184,1019.1943995142424,0,56408,15001.57313984672,ldb,humaneval,gpt-3.5-turbo-0125+gpt-3.5-turbo-0125,run3
1257.1247634887695,1321.582792520523,842164,74904,164,0.5882339999999999,7.6653948993217655,6.088038270066424,5135.1463414634145,456.7317073170732,0.8048780487804879,0.0,0.029727,0.008099540944433157,0.10642027854919434,151.32310605049133,20.144416638151696,0.0,68.97207117080688,15.702442539954358,0.0,0,48314,12873.23369181086,0,5644,1205.8503813912246,0,51432,13965.744932468837,ldb,humaneval,gpt-3.5-turbo-0125+gpt-3.5-turbo-0125,run4
1172.6096436977386,1239.7674975395203,844683,67908,164,0.5784279999999997,7.150058803034992,5.615928226854743,5150.506097560976,414.0731707317073,0.8048780487804879,0.0,0.030030500000000005,0.008067998050186334,0.11384701728820801,183.5376057624817,20.000262666506465,0.0,68.29737949371338,14.429199925701758,0.0,0,50737,13107.07855189732,0,5377,1098.380506447782,0,53845,14103.459954455486,ldb,humaneval,gpt-3.5-turbo-0125+gpt-3.5-turbo-0125,run5
1259.2545502185822,1450.1812813282013,980912,94554,164,0.6734269999999998,7.6783814037718425,7.346343502765748,5981.170731707317,576.5487804878048,0.8048780487804879,0.0,0.0362555,0.008965953575736268,0.11061263084411621,117.26608657836914,18.804605097714738,0.0,115.84645867347717,18.428862341779798,0.0,0,46748,13899.231571031198,0,9692,1494.8201578632568,0,53127,15215.383079778248,ldb,humaneval,gpt-3.5-turbo-0613+gpt-3.5-turbo-0613,run1
1217.6184203624725,1407.292373418808,946716,89910,164,0.6500754999999999,7.424502563185808,7.09496380061638,5772.658536585366,548.2317073170732,0.8292682926829268,0.0,0.034691,0.00860551424028252,0.10941886901855469,93.55763554573059,17.45072299337967,0.0,92.15891075134277,17.060430396178347,0.0,0,46712,13460.427635409143,0,7825,1357.1772745560177,0,53732,14691.65460034557,ldb,humaneval,gpt-3.5-turbo-0613+gpt-3.5-turbo-0613,run2
1485.7239496707916,1667.7669577598572,976936,111986,164,0.6981225000000005,9.059292376041412,8.70933780001431,5956.926829268293,682.8414634146342,0.8170731707317073,0.0,0.034187999999999996,0.00939149785764431,0.11106204986572266,97.08585906028748,21.96797334660818,0.0,95.68014764785767,21.564851827081238,0.0,0,47284,13970.802506279295,0,7790,1724.8087612994996,0,52796,15549.038360416775,ldb,humaneval,gpt-3.5-turbo-0613+gpt-3.5-turbo-0613,run3
4307.971129179001,1644.315275669098,901503,107190,164,0.6535959999999996,26.26811664133537,8.558287193135518,5496.969512195122,653.5975609756098,0.8414634146341463,0.0,0.036341,0.009043007886627987,0.12080144882202148,310.3405930995941,68.48020406397242,0.0,122.11057114601135,21.796026598118235,0.0,0,47528,13347.42117296034,0,9698,1692.9563270778096,0,53286,14902.065446718978,ldb,humaneval,gpt-3.5-turbo-0613+gpt-3.5-turbo-0613,run4
5553.364104509354,1709.3360967636108,1031492,108252,164,0.7200785000000002,33.86197624700825,8.911984301194913,6289.585365853659,660.0731707317074,0.8109756097560976,0.0,0.032441000000000005,0.009364327543565752,0.11808061599731445,373.29707074165344,78.459092474872,0.0,91.32232117652893,20.843546986384926,0.0,0,46694,14302.09921007241,0,7189,1576.986489241818,0,50504,15757.97455976642,ldb,humaneval,gpt-3.5-turbo-0613+gpt-3.5-turbo-0613,run5
733.6338016986847,646.6928908824921,110474,28081,164,0.2770847,4.473376839626126,3.943249334649342,673.6219512195122,171.22560975609755,0.8536585365853658,7.82e-05,0.019336,0.004219935695564697,0.6142196655273438,42.65229654312134,7.436767385782527,0.2742323875427246,41.59201717376709,7.206242805672578,0.7482337951660156,381,2011,351.506578327081,10,1016,207.1525126854508,391,2832,541.9960223804445,simple_boosting,humaneval,l3_8b-gpt35-l3_70b-gpt4,run1
677.0364263057709,587.8308041095734,110601,28168,164,0.28494529999999985,4.128270892108359,3.5843341713998376,674.3963414634146,171.7560975609756,0.8414634146341463,7.82e-05,0.019726,0.004255137826042948,0.6331470012664795,30.85469889640808,6.567422550544085,0.2751200199127197,29.79085874557495,6.325007315135966,0.7571632862091064,381,2011,351.77920464531275,10,1257,218.71773899045024,391,3073,553.8901199365628,simple_boosting,humaneval,l3_8b-gpt35-l3_70b-gpt4,run2
773.416184425354,682.9235663414001,111666,29648,164,0.3156418999999999,4.715952344057037,4.164168087447562,680.890243902439,180.78048780487805,0.8536585365853658,7.82e-05,0.021577299999999997,0.004693041631528293,0.6018853187561035,45.48956489562988,8.737860894884943,0.2667887210845947,44.52699875831604,8.516117040352174,0.7130978107452393,381,2011,358.27624143990937,10,1130,223.3552027842726,391,2946,566.232561965608,simple_boosting,humaneval,l3_8b-gpt35-l3_70b-gpt4,run3
778.0488514900208,689.9537515640259,110984,29372,164,0.3051016999999999,4.744200313963542,4.207035070512353,676.7317073170732,179.09756097560975,0.8597560975609756,7.82e-05,0.0197518,0.004621180552720491,0.6120591163635254,39.75600838661194,9.016852298353887,0.27378392219543457,38.654441595077515,8.797913517924805,0.7389106750488281,381,2011,354.2269747821654,10,1176,221.44478793695757,391,2992,558.7596101725657,simple_boosting,humaneval,l3_8b-gpt35-l3_70b-gpt4,run4
1066.1353719234467,712.1246316432953,110816,29218,164,0.3091996,6.500825438557602,4.34222336367863,675.7073170731708,178.15853658536585,0.8597560975609756,7.82e-05,0.0226918,0.004742982080940818,0.6203792095184326,54.86284065246582,11.016522460043038,0.273571252822876,47.48407793045044,9.22230910291111,0.8083788156509399,381,2011,359.79721581822884,10,1143,223.37785916130866,391,2959,568.4402998841616,simple_boosting,humaneval,l3_8b-gpt35-l3_70b-gpt4,run5
1113.4624454975128,842.711333990097,118309,33243,164,0.4663581200000001,6.78940515547264,5.138483743842055,721.3963414634146,202.7012195121951,0.8292682926829268,0.00038179200000000005,0.022347592000000003,0.005234990222724689,0.6558809280395508,39.74293327331543,8.0986687143214,0.5058050155639648,31.776361227035522,6.666588453900717,2.1251256465911865,479,1847,226.86561571532818,12,1264,236.14966606747456,492,2621,440.4014651952942,simple_boosting,humaneval,CL > GPT3.5 > GPT4,run1
1129.1721351146698,844.7305452823639,119909,34766,164,0.5016291440000004,6.885195945821157,5.150796007819292,731.1524390243902,211.9878048780488,0.8475609756097561,0.0,0.022356592,0.005355086276229219,0.0,46.692246437072754,8.22807851162724,0.0,24.063655614852905,6.234516032604396,2.17562198638916,0,2300,262.7477132684319,0,1264,240.6402340566906,0,3133,477.9639764912786,simple_boosting,humaneval,CL > GPT3.5 > GPT4,run2
1102.8919961452484,798.0150055885315,118592,34365,164,0.48264162000000016,6.724951196007613,4.865945156027631,723.1219512195122,209.54268292682926,0.8597560975609756,0.00038179200000000005,0.021726592000000003,0.005219669737905932,0.6408119201660156,50.8411545753479,8.129459154341122,0.46149516105651855,30.052597761154175,6.04616687514218,2.1293678283691406,479,1847,227.39457290165578,12,1594,248.17170363683545,492,2660,453.5565829709751,simple_boosting,humaneval,CL > GPT3.5 > GPT4,run3
1102.3899314403534,789.7906150817871,118504,34179,164,0.4797441200000004,6.721889825855813,4.815796433425531,722.5853658536586,208.40853658536585,0.8475609756097561,0.00038179200000000005,0.022776592000000002,0.0052938725648243624,0.6060128211975098,34.44007611274719,7.65892076014475,0.4638497829437256,23.3784339427948,5.89419130831272,2.1076537370681763,479,1847,227.9832601334851,12,1264,240.08735153772145,492,2679,447.2533833518164,simple_boosting,humaneval,CL > GPT3.5 > GPT4,run4
1145.6413538455963,830.519454240799,118625,35052,164,0.49351460400000013,6.985618011253636,5.064143013663408,723.3231707317074,213.73170731707316,0.8414634146341463,0.00038179200000000005,0.020647412,0.005352723884408385,0.5883212089538574,52.34782075881958,8.401385784097886,0.4394800662994385,24.10698127746582,6.209887647993526,2.065179944038391,479,1847,227.67822348119614,12,1264,244.8535833323393,492,2542,450.4942514500664,simple_boosting,humaneval,CL > GPT3.5 > GPT4,run5
696.895914554596,412.76473808288574,111289,22714,164,0.4211193000000001,4.249365332649975,2.5168581590419863,678.5914634146342,138.5,0.8780487804878049,7.82e-05,0.0330888,0.006941248672558426,0.6684916019439697,30.708380937576294,5.703364316816556,0.28701162338256836,25.871906995773315,4.439541135063279,0.845862627029419,381,2011,353.3163099773414,10,824,161.3963037716962,391,2835,497.70201760851603,simple_boosting,humaneval,l3_8b-gpt-3.5-turbo-0613-l3_70b-gpt4-0613,run1
663.4815266132355,377.319864988327,112247,22829,164,0.40629640000000006,4.045619064714851,2.300730884075165,684.4329268292682,139.2012195121951,0.8780487804878049,7.82e-05,0.0488078,0.00710327802209768,0.6678628921508789,28.07432198524475,5.083195959883677,0.26532649993896484,22.827359914779663,3.7401582962538025,0.8097035884857178,381,2011,352.40173552871596,10,1064,166.56328335040365,391,2835,498.7845475143993,simple_boosting,humaneval,l3_8b-gpt-3.5-turbo-0613-l3_70b-gpt4-0613,run2
652.2065150737762,376.97385931015015,111368,22362,164,0.40484200000000015,3.9768689943522944,2.298621093354574,679.0731707317074,136.35365853658536,0.8841463414634146,7.82e-05,0.030770400000000003,0.006647396544563394,0.7095553874969482,25.660049438476562,5.098502839045153,0.30809712409973145,20.84422206878662,3.8678607792831263,0.7449970245361328,381,2011,353.35288954789655,10,823,158.51925020614846,391,2834,494.56276855067705,simple_boosting,humaneval,l3_8b-gpt-3.5-turbo-0613-l3_70b-gpt4-0613,run3
721.2262673377991,456.4192473888397,110608,22305,164,0.41533450000000005,4.397721142303653,2.7830441913953643,674.439024390244,136.0060975609756,0.8719512195121951,7.82e-05,0.030928800000000003,0.006788214852320677,0.6623971462249756,59.025232791900635,7.081329316092322,0.26976871490478516,55.21388626098633,6.121303687184045,0.75848388671875,381,2011,353.08929674218246,10,824,161.41318002727667,391,2835,497.2272844786842,simple_boosting,humaneval,l3_8b-gpt-3.5-turbo-0613-l3_70b-gpt4-0613,run4
699.5505542755127,432.1617040634155,111099,22896,164,0.44289080000000003,4.265552160216541,2.6351323418500945,677.4329268292682,139.609756097561,0.8658536585365854,7.82e-05,0.0465278,0.0075462428426531095,0.6305584907531738,39.97699451446533,6.202237640313783,0.2708096504211426,36.604822874069214,5.1533620961385065,0.7470953464508057,381,2011,352.12003201462755,10,1026,168.77903339225398,391,2835,504.2328602026004,simple_boosting,humaneval,l3_8b-gpt-3.5-turbo-0613-l3_70b-gpt4-0613,run5
733.6338016986847,646.6928908824921,110474,28081,164,0.2770847,4.473376839626126,3.943249334649342,673.6219512195122,171.22560975609755,0.8536585365853658,7.82e-05,0.019336,0.004219935695564697,0.6142196655273438,42.65229654312134,7.436767385782527,0.2742323875427246,41.59201717376709,7.206242805672578,0.7482337951660156,381,2011,351.506578327081,10,1016,207.1525126854508,391,2832,541.9960223804445,simple_boosting,humaneval,l3_8b-gpt35-l3_70b-gpt4-0409,run1
677.0364263057709,587.8308041095734,110601,28168,164,0.28494529999999985,4.128270892108359,3.5843341713998376,674.3963414634146,171.7560975609756,0.8414634146341463,7.82e-05,0.019726,0.004255137826042948,0.6331470012664795,30.85469889640808,6.567422550544085,0.2751200199127197,29.79085874557495,6.325007315135966,0.7571632862091064,381,2011,351.77920464531275,10,1257,218.71773899045024,391,3073,553.8901199365628,simple_boosting,humaneval,l3_8b-gpt35-l3_70b-gpt4-0409,run2
597.8533527851105,513.4780929088593,109886,28110,164,0.2705939,3.645447273079942,3.130963981151581,670.0365853658536,171.40243902439025,0.8475609756097561,7.82e-05,0.019966,0.00422842636014975,0.6126947402954102,27.877936363220215,5.419859401285449,0.28070998191833496,26.88982582092285,5.195625400958935,0.7081577777862549,381,2011,349.34302741079387,10,1076,212.06520931107403,391,2853,545.614599087756,simple_boosting,humaneval,l3_8b-gpt35-l3_70b-gpt4-0409,run3
603.650071144104,517.8671586513519,109626,27984,164,0.2545067000000001,3.6807931167323416,3.1577265771423897,668.4512195121952,170.6341463414634,0.8536585365853658,7.82e-05,0.019948300000000002,0.0040704492512366785,0.6162223815917969,29.610617637634277,5.4178757939242175,0.2729957103729248,28.564777612686157,5.187583216540661,0.8444299697875977,381,2011,345.70607581788227,10,1102,209.7855763138356,391,2851,539.4353262399218,simple_boosting,humaneval,l3_8b-gpt35-l3_70b-gpt4-0409,run4
588.3295719623566,501.673593044281,110958,28517,164,0.27848789999999995,3.587375438794857,3.058985323440738,676.5731707317074,173.8841463414634,0.8536585365853658,7.82e-05,0.020385999999999998,0.004260121891058725,0.6195764541625977,31.761550426483154,5.358839184142822,0.2827174663543701,30.824788808822632,5.148860496168307,0.738675594329834,381,2011,353.5944448418465,10,1279,221.22834438791176,391,3095,556.8320158472502,simple_boosting,humaneval,l3_8b-gpt35-l3_70b-gpt4-0409,run5
3057.6316769123077,3050.704038143158,163784,62972,164,8.691840000000001,18.644095590928707,18.601853891116818,998.6829268292682,383.9756097560976,0.7865853658536586,0.01761,0.1815,0.034793880785946266,4.569595813751221,94.73628640174866,14.022024037487618,4.568145990371704,94.73274779319763,14.01532572764755,15.126281976699829,339,3852,902.334305820919,124,1193,207.60373861012712,463,4951,1018.1196877766072,reflexion,humaneval,gpt-4-0613,run1
2689.782646894455,2654.8637986183167,153008,61819,164,8.299380000000005,16.401113700575944,16.188193894014127,932.9756097560976,376.9451219512195,0.7926829268292683,0.016890000000000002,0.19095,0.03416476074782987,4.029260873794556,55.18924903869629,9.3877731288075,4.027687311172485,54.93247079849243,9.184680497633881,14.385424971580505,339,3830,846.1528814510823,112,1541,217.95176629255928,451,4934,979.2578696508295,reflexion,humaneval,gpt-4-0613,run2
2850.7090685367584,2844.7343456745148,147958,62873,164,8.211120000000006,17.382372369126575,17.345941132161677,902.1829268292682,383.3719512195122,0.823170731707317,0.01647,0.19023,0.0343368462602901,4.642199516296387,77.6744544506073,10.022827031883173,4.640618562698364,77.37050938606262,10.010102894355855,15.327653288841248,339,3847,833.6488002514645,105,1535,221.30031660321845,444,4956,976.4844559312991,reflexion,humaneval,gpt-4-0613,run3
2602.7439737319946,2568.6677894592285,146274,64564,164,8.262059999999998,15.870390083731674,15.66260847231237,891.9146341463414,393.6829268292683,0.8048780487804879,0.01647,0.18324,0.03360814064652483,4.384297847747803,61.85077714920044,9.749843447843217,4.3078742027282715,61.71927309036255,9.584407635144464,12.842144012451172,339,3862,832.8090863235436,105,1347,225.76929850720697,444,4985,960.8942008723376,reflexion,humaneval,gpt-4-0613,run4
2248.7251472473145,2231.194818019867,144950,60550,164,7.9815000000000005,13.711738702727526,13.604846451340652,883.8414634146342,369.2073170731707,0.8048780487804879,0.01761,0.18627,0.032126160709929186,4.155594825744629,55.681920289993286,7.6861127990195195,4.15382719039917,55.67570924758911,7.6226465984949066,11.720117568969727,339,3855,811.7928423457149,124,1541,186.6187174776505,463,5032,931.6977563900792,reflexion,humaneval,gpt-4-0613,run5
474.04998874664307,467.1109526157379,214885,47801,164,0.17914399999999975,2.8905487118697746,2.8482375159496214,1310.2743902439024,291.469512195122,0.6524390243902439,0.000276,0.0032224999999999997,0.0007052005126597073,0.7662920951843262,12.805775165557861,1.8971290697706706,0.7649447917938232,12.457944869995117,1.8696594852994814,2.3194154500961304,339,3499,965.3664762413009,71,1314,193.10982360503237,410,4169,1099.9011312062776,reflexion,humaneval,gpt-3.5-turbo-0613,run1
493.9926915168762,493.41007447242737,208074,47942,164,0.17594999999999994,3.012150558029733,3.0085980150757767,1268.7439024390244,292.3292682926829,0.676829268292683,0.00027,0.0036155,0.0007053813485803503,0.7674179077148438,15.382835388183594,2.124954151917745,0.7660622596740723,15.38076663017273,2.1242629228288457,2.5469285249710083,339,3508,969.3337451424014,67,1241,194.09485094317031,406,4749,1102.0330212336069,reflexion,humaneval,gpt-3.5-turbo-0613,run2
512.7196753025055,490.21525263786316,208102,46138,164,0.17325800000000005,3.1263394835518628,2.989117394133312,1268.9146341463415,281.3292682926829,0.6707317073170732,0.00027,0.002767,0.0006693133768115439,0.8689510822296143,14.021167039871216,1.9182395532845167,0.8676025867462158,9.199110507965088,1.6867238986817255,2.615851044654846,339,3506,945.2854757716176,67,1088,168.99214450672787,406,4182,1065.786216445421,reflexion,humaneval,gpt-3.5-turbo-0613,run3
469.4413797855377,461.50026750564575,209996,45871,164,0.17380449999999983,2.8624474377166935,2.8140260213758888,1280.4634146341464,279.7012195121951,0.6646341463414634,0.00027,0.003029,0.0006942058912315169,0.6953041553497314,13.128177165985107,1.8406893830564484,0.6939797401428223,13.105644941329956,1.8270513360609126,2.353369355201721,339,3496,974.7229047193812,67,863,165.96803520606042,406,4350,1104.926004670357,reflexion,humaneval,gpt-3.5-turbo-0613,run4
517.7130012512207,517.26917719841,216868,47942,164,0.1803470000000001,3.1567865929952483,3.1540803487707927,1322.3658536585365,292.3292682926829,0.70731707317,0.000279,0.0033515,0.0007171926518223131,0.7339866161346436,11.188083410263062,1.9900215744264067,0.7324352264404297,11.184167861938477,1.9892068158638665,2.7805310487747192,339,3496,967.9267263272209,73,1369,191.13462026669055,412,4161,1112.359479665004,reflexion,humaneval,gpt-3.5-turbo-0613,run5
3233.093929052353,3220.9000630378723,160026,84185,164,4.125810000000001,19.713987372270445,19.639634530718734,975.7682926829268,513.3231707317074,0.8719512195121951,0.00773,0.08103,0.015850704803776004,5.820732831954956,80.14744997024536,11.347353406949793,5.819319009780884,80.13882803916931,11.194618341591918,16.877233266830444,339,3864,907.1993821583424,136,1419,253.4621844950956,501,5277,1121.4590781547759,reflexion,humaneval,gpt-4-turbo-2024-04-09,run1
3199.7125318050385,3199.07670545578,148065,80466,164,3.894630000000002,19.510442267103894,19.50656527716939,902.8353658536586,490.6463414634146,0.8841463414634146,0.00773,0.08211,0.015580671812941848,6.019169330596924,123.92796230316162,13.346810469765973,6.006298542022705,123.92446231842041,13.345679843449405,15.98793625831604,339,3829,862.708051033645,136,1546,258.64049341346134,501,5168,1082.3946099680397,reflexion,humaneval,gpt-4-turbo-2024-04-09,run2
3236.1878690719604,3227.9597730636597,142405,77946,164,3.7624299999999993,19.732852860194882,19.682681543071094,868.3231707317074,475.280487804878,0.9085365853658537,0.0066300000000000005,0.07461,0.01429595194655492,5.048706531524658,120.613210439682,12.865157872580735,5.047096252441406,120.60748243331909,12.871701387797208,16.76420533657074,339,3567,810.8931978722777,108,1393,238.5809157482421,447,4865,1002.8813251722115,reflexion,humaneval,gpt-4-turbo-2024-04-09,run3
3359.925509929657,3359.325314760208,145289,80309,164,3.862160000000003,20.487350670302785,20.483690943659806,885.9085365853658,489.6890243902439,0.8658536585365854,0.00773,0.0809,0.01536970272657662,6.040835618972778,89.7342586517334,13.707618079698978,6.039571762084961,89.73235654830933,13.706547517027406,17.14752161502838,339,3802,852.805754061151,136,1559,263.7725728455205,501,5158,1064.4837725770667,reflexion,humaneval,gpt-4-turbo-2024-04-09,run4
3560.7212283611298,3560.137467622757,141600,80913,164,3.843389999999999,21.71171480708006,21.708155290382663,863.4146341463414,493.3719512195122,0.8597560975609756,0.0066300000000000005,0.08193,0.01518122801210623,4.847712755203247,74.34162187576294,13.033873242369861,4.846291780471802,74.33520746231079,13.032988446051595,18.17868149280548,339,3825,835.0552672826091,108,1536,260.6772951650648,447,5281,1047.4756202574204,reflexion,humaneval,gpt-4-turbo-2024-04-09,run5
4425.59880399704,4423.997190952301,266219,95563,164,5.52908,26.98535856095756,26.975592627757933,1623.2865853658536,582.7012195121952,0.8292682926829268,0.00675,0.08267,0.0194259801218869,5.836818218231201,84.98693132400513,13.775353430074036,5.8344457149505615,84.97221803665161,13.77264702436763,24.790056705474854,339,4118,1218.7992369302021,112,1402,276.633135718852,451,5501,1447.4661592102786,reflexion,humaneval,gpt-4-turbo-2024-04-09_6tests,run1
4444.134230852127,4446.101165533066,261565,98047,164,5.557059999999997,27.098379456415408,27.110372960567474,1594.908536585366,597.8475609756098,0.676829268292683,0.0,0.09806,0.021097310064522694,0.0,69.79882907867432,14.097261804214156,0.0,84.8001799583435,14.392711342986445,24.663723707199097,0,4423,1264.1107843138107,0,1855,315.55099606250405,0,6106,1532.914705490473,reflexion,humaneval,gpt-4-turbo-2024-04-09_6tests,run2
541.8471450805664,326.8719964027405,54157,29775,164,0.07174099999999994,3.3039460065888195,1.9931219292850029,330.2256097560976,181.5548780487805,0.8292682926829268,8.6e-05,0.0034175,0.0004716355402845445,0.46028947830200195,23.313506364822388,3.558809234023804,0.3337111473083496,12.684126853942871,2.154776394798184,1.152437448501587,85,2365,349.1997569591968,17,1490,216.47528523404918,114,3855,533.064091598663,simple_incr_temp,humaneval,gpt-3.5-turbo-0613-5step,run1
3620.161344766617,495.4056968688965,55277,31658,164,0.07512549999999994,22.07415454125986,3.0207664443225397,337.0548780487805,193.03658536585365,0.8109756097560976,8.6e-05,0.0042035,0.0005284618357970466,0.4788322448730469,129.1265869140625,26.820152483852855,0.3003377914428711,23.56962013244629,3.2262652311212405,1.9070963859558105,85,2365,353.4038558271287,17,2014,252.77779204319341,114,4379,572.5663121134271,simple_incr_temp,humaneval,gpt-3.5-turbo-0613-5step,run2
1548.0204622745514,367.8702881336212,57720,31109,164,0.07552349999999991,9.439149160210679,2.2431115130098855,351.9512195121951,189.6890243902439,0.7926829268292683,8.6e-05,0.00362,0.0005017986191793573,0.42226743698120117,82.9841046333313,15.541676214754823,0.2634596824645996,17.293057441711426,2.5239972431877753,1.250958800315857,85,2365,388.2001856116675,17,1625,225.69387405681263,114,3990,578.209833981422,simple_incr_temp,humaneval,gpt-3.5-turbo-0613-5step,run3
571.0431253910065,356.6034986972809,54991,31204,164,0.07430149999999992,3.4819702767744296,2.1744115774224446,335.3109756097561,190.26829268292684,0.8109756097560976,8.6e-05,0.0038375,0.0005136186740466296,0.5185163021087646,24.27724003791809,3.9711089955871017,0.32038378715515137,18.684749126434326,2.6797724621875414,1.2325270175933838,85,2365,352.11090992034303,17,1770,243.30001418534414,114,4135,562.142145034511,simple_incr_temp,humaneval,gpt-3.5-turbo-0613-5step,run4
382.6550533771515,313.153103351593,54592,31945,164,0.07521349999999997,2.333262520592387,1.9094701423877622,332.8780487804878,194.78658536585365,0.8170731707317073,8.6e-05,0.002585,0.0004814795444527164,0.4834258556365967,25.628591299057007,2.8655663090583654,0.28438901901245117,10.945794105529785,2.001245253892492,1.1259047985076904,85,1645,326.0959206335432,17,1415,233.05134549041873,114,2501,520.9253714957292,simple_incr_temp,humaneval,gpt-3.5-turbo-0613-5step,run5
3004.765735387802,2971.620995283127,38189,67757,164,2.4145999999999996,18.321742288950013,18.11964021514102,232.859756097561,413.1524390243902,0.9329268292682927,0.00507,0.08415,0.012246432947847793,4.061424732208252,225.97824692726135,23.955165541329844,3.9302146434783936,225.8475103378296,23.880433944431896,12.465542912483215,85,1530,186.08711882826597,136,2295,351.1905534615651,234,3825,525.6739173052332,simple_incr_temp,humaneval,gpt-4-turbo-0409-5step,run1
2932.342021226883,2899.377545118332,39423,71247,164,2.531639999999999,17.880134275773678,17.679131372672757,240.3841463414634,434.4329268292683,0.9207317073170732,0.00528,0.08725000000000001,0.013768039042915162,5.07047438621521,318.7469789981842,27.862305292495737,4.945566892623901,318.6028890609741,27.789651848748253,11.512340307235718,85,1530,207.22204087800884,143,2430,396.0154785829346,237,3900,588.9259669545437,simple_incr_temp,humaneval,gpt-4-turbo-0409-5step,run2
2503.4893522262573,2469.7210376262665,38578,66922,164,2.3934400000000005,15.265178976989374,15.059274619672356,235.23170731707316,408.0609756097561,0.9390243902439024,0.00526,0.08367,0.012727592744042662,4.111931800842285,75.58410406112671,12.45879284837552,3.9717917442321777,74.90034246444702,12.323527446707578,11.89144241809845,85,1530,206.9364502657783,143,2279,358.50916075472134,232,3809,558.0885979271715,simple_incr_temp,humaneval,gpt-4-turbo-0409-5step,run3
2905.150124311447,2865.5624475479126,40266,71165,164,2.5376099999999995,17.71433002628931,17.47294175334093,245.52439024390245,433.9329268292683,0.9329268292682927,0.00526,0.08476,0.013813838084356895,4.9911487102508545,114.75223302841187,17.69903476997509,4.855180025100708,114.0855233669281,17.55474257399268,12.21871554851532,85,1530,221.2893464710606,133,2347,389.64712887963367,232,3828,604.2101912598013,simple_incr_temp,humaneval,gpt-4-turbo-0409-5step,run4
2692.847868680954,2658.6879041194916,37339,66384,164,2.3649100000000005,16.41980407732289,16.211511610484706,227.6768292682927,404.780487804878,0.9329268292682927,0.00526,0.08556000000000001,0.011779191514151924,3.7226014137268066,112.67052960395813,16.220587942426647,3.579070568084717,111.85830163955688,16.094909457232227,12.176363587379456,85,1530,177.22800592905824,146,2342,339.25430765299103,232,3872,503.24021695250264,simple_incr_temp,humaneval,gpt-4-turbo-0409-5step,run5
2156.2388706207275,2130.7709085941315,31154,54014,164,1.9319600000000003,13.147797991589803,12.99250554020812,189.96341463414635,329.3536585365854,0.9024390243902439,0.00379,0.02145,0.003612647509242524,3.275334596633911,124.7678554058075,9.879410212876941,3.102102041244507,124.63392329216003,9.879743797629091,11.917285323143005,85,473,70.27918822433278,98,635,106.03082917245933,183,1004,155.92234011980557,simple_incr_temp,humaneval,gpt-4-turbo-0409-1step,run1
2159.159595012665,2100.7894217967987,39741,45011,164,3.892890000000001,13.16560728666259,12.809691596321944,242.3231707317073,274.4573170731707,0.9085365853658537,0.00636,0.13470000000000001,0.02295033329790576,2.5424399375915527,94.29632711410522,14.690251504794702,2.408902883529663,93.26303720474243,14.430616274540252,8.33712387084961,85,1530,213.47150888115073,58,1665,287.169160951079,153,3010,482.6384927758695,simple_incr_temp,humaneval,gpt-4-0613-5step,run1
1921.5011005401611,1882.9432151317596,40756,44890,164,3.91608,11.716470125244886,11.481361067876584,248.5121951219512,273.719512195122,0.9146341463414634,0.00636,0.18267,0.022913762153011632,1.9015591144561768,73.81412410736084,11.927684407028975,1.6908211708068848,68.98764729499817,11.668076914575948,7.878315687179565,85,2365,249.03909782001026,55,1862,268.9713773350753,153,4227,500.35367365802307,simple_incr_temp,humaneval,gpt-4-0613-5step,run2
1923.8652305603027,1875.9063909053802,39812,45214,164,3.907200000000001,11.730885552196968,11.438453603081587,242.7560975609756,275.6951219512195,0.9085365853658537,0.00636,0.14673000000000003,0.0229191356863105,1.9990065097808838,68.32670736312866,12.15749901937511,1.7746732234954834,67.6184184551239,11.978523520715926,7.714492201805115,85,1460,220.11099046185961,58,1728,282.62751349983887,153,3163,485.9754128557783,simple_incr_temp,humaneval,gpt-4-0613-5step,run3
1958.826401233673,1923.036596775055,39160,45185,164,3.8859000000000004,11.944063422156542,11.72583290716497,238.78048780487805,275.5182926829268,0.9085365853658537,0.00636,0.14943,0.02128984306076486,2.5748581886291504,71.09563326835632,11.618043304987731,2.4441933631896973,70.24982738494873,11.495363118444349,8.496403455734253,85,1435,186.24958677536364,58,1773,274.8643942858859,153,3208,440.0041993647633,simple_incr_temp,humaneval,gpt-4-0613-5step,run4
1772.5322015285492,1740.4868779182434,39721,43771,164,3.81789,10.80812318005213,10.612724865355142,242.2012195121951,266.8963414634146,0.8902439024390244,0.00561,0.13425,0.021810195692901324,1.8687069416046143,89.32716107368469,13.195291889911605,1.7353272438049316,88.61474537849426,13.071936925753397,7.182574391365051,85,1530,221.83167165815368,51,1795,263.68371132558576,136,2933,468.34259679157395,simple_incr_temp,humaneval,gpt-4-0613-5step,run5
2053.587593317032,2022.5458879470825,40099,45350,164,3.9239700000000024,12.521875569006292,12.332596877726113,244.5060975609756,276.5243902439024,0.8902439024390244,0.00618,0.16122000000000003,0.02415021302799359,2.2960238456726074,98.45392203330994,13.884574535172623,2.161170482635498,97.20180559158325,13.73159373278508,8.620243668556213,85,1530,233.4150966080704,56,1957,298.5140798072751,150,3417,512.0047500711943,simple_repeat,humaneval,gpt-4-0613-5repeats-no-temp-incr,run1
1989.0363087654114,1953.668732881546,39908,44902,164,3.8913599999999997,12.12827017539885,11.912614224887475,243.34146341463415,273.7926829268293,0.8963414634146342,0.00561,0.14073,0.022641654594115684,1.956932544708252,71.31444358825684,11.926924662361792,1.8260040283203125,70.411212682724,11.785825508715266,7.784578204154968,85,1530,219.61886782467883,51,1875,280.8287576295849,136,3063,479.6393906723497,simple_repeat,humaneval,gpt-4-0613-5repeats-no-temp-incr,run2
2175.246426343918,2142.733190536499,41324,46618,164,4.0368,13.263697721609255,13.06544628375914,251.97560975609755,284.2560975609756,0.8719512195121951,0.00636,0.16074,0.02542547322710799,2.205625295639038,106.5896463394165,16.785106033138526,2.023054361343384,105.94362735748291,16.666195434903916,8.341171860694885,85,1530,245.89860125843114,58,1989,314.10290256247947,153,3409,539.1789326767747,simple_repeat,humaneval,gpt-4-0613-5repeats-no-temp-incr,run3
1863.7470178604126,1823.7582604885101,38861,43614,164,3.7826700000000018,11.36431108451471,11.120477198100671,236.95731707317074,265.9390243902439,0.8963414634146342,0.00618,0.14649,0.02179611133485541,2.417564868927002,81.33737874031067,11.262546039653852,2.283881425857544,79.88648724555969,11.051367763102165,8.017135381698608,85,1435,197.1154048509846,55,1876,275.60338033672605,150,3159,455.4097678724618,simple_repeat,humaneval,gpt-4-0613-5repeats-no-temp-incr,run4
1941.4057877063751,1853.609958410263,41405,47528,164,4.0938300000000005,11.837840168941312,11.302499746404044,252.46951219512195,289.8048780487805,0.8841463414634146,0.00561,0.17655,0.02648135213456079,2.327744245529175,86.2887237071991,13.084528209505766,2.1924326419830322,82.26633024215698,12.581554619806576,7.532435894012451,85,1530,240.79544621431694,51,2225,333.57751976692026,136,3660,554.353017315117,simple_repeat,humaneval,gpt-4-0613-5repeats-no-temp-incr,run5
2991.1840097904205,2960.387875556946,40154,71159,164,2.5363100000000007,18.238926888965977,18.051145582664304,244.84146341463415,433.8963414634146,0.9207317073170732,0.00508,0.09177,0.013987829522592306,5.390526533126831,105.49262070655823,17.069980621453727,5.193556547164917,104.83978343009949,16.9370468574297,13.00931429862976,85,1530,214.7092466605159,137,2549,397.4326291467013,231,4079,605.8266254937258,simple_repeat,humaneval,gpt-4-turbo-0409-5repeats-no-temp-incr,run1
3062.260660171509,3030.0214879512787,39154,69095,164,2.4643900000000003,18.672321098606762,18.475740780190723,238.7439024390244,421.3109756097561,0.9207317073170732,0.0052,0.093,0.013270708042375973,5.498191833496094,142.54299569129944,18.14990584300624,5.374448299407959,141.86523127555847,18.02425678421476,13.452502489089966,85,1530,200.53292867772126,142,2590,380.1207197675343,233,4120,569.9687888672564,simple_repeat,humaneval,gpt-4-turbo-0409-5repeats-no-temp-incr,run2
3025.2549726963043,2990.607188940048,40500,71908,164,2.5622399999999996,18.446676662782345,18.23540968865883,246.9512195121951,438.4634146341463,0.9146341463414634,0.00436,0.09327,0.014908451732289899,5.204655170440674,112.96739339828491,18.3979212021765,5.070799350738525,112.3242723941803,18.27014557009253,12.723800659179688,85,1530,225.32492707030855,117,2599,426.37582992771877,202,4129,641.1926091223423,simple_repeat,humaneval,gpt-4-turbo-0409-5repeats-no-temp-incr,run3
2765.059437274933,2729.777023077011,39961,69963,164,2.4984999999999995,16.860118519969102,16.644981848030554,243.66463414634146,426.6036585365854,0.9146341463414634,0.00466,0.09492,0.01380198871823128,5.09430718421936,100.29295587539673,15.531283510042377,4.970048427581787,99.32091212272644,15.393221421530754,12.139153003692627,85,1530,215.37592409606378,123,2654,391.9148620907828,220,4184,598.9265253703155,simple_repeat,humaneval,gpt-4-turbo-0409-5repeats-no-temp-incr,run4
2815.6559262275696,2765.5745668411255,39343,69369,164,2.4745000000000004,17.16863369650957,16.8632595539093,239.89634146341464,422.9817073170732,0.926829268292683,0.00523,0.09489,0.013590800205724892,4.9569292068481445,104.3359100818634,15.215716909542468,4.833183526992798,103.67579388618469,15.040462024922224,12.793574929237366,85,1530,215.11553804981028,125,2653,384.8528118383563,231,4183,591.8833700037254,simple_repeat,humaneval,gpt-4-turbo-0409-5repeats-no-temp-incr,run5
3312.535389184952,3273.11847615242,44825,80771,164,2.871379999999998,20.19838651942044,19.95803948873427,273.3231707317073,492.5060975609756,0.9207317073170732,0.0049900000000000005,0.15078,0.022756298742117986,4.682488918304443,198.3645408153534,29.59692810748277,4.55469822883606,198.21538662910461,29.404389279770186,11.973763823509216,85,2448,339.9549760151955,132,4210,649.0111165538264,231,6658,980.1934365857801,simple_repeat,humaneval,gpt-4-turbo-0409-8repeats-no-temp-incr,run1
3087.885306596756,3041.89208817482,43133,78490,164,2.7860300000000002,18.828568942663146,18.548122488870852,263.0060975609756,478.5975609756098,0.9207317073170732,0.00462,0.14765999999999999,0.02080295151250784,4.189279079437256,183.14457416534424,25.893104904287423,4.061384439468384,181.65855169296265,25.613005118585676,12.66946280002594,85,2448,309.68261007198413,121,4106,594.6887902883559,220,6554,893.9623427027461,simple_repeat,humaneval,gpt-4-turbo-0409-8repeats-no-temp-incr,run2
3333.7923860549927,3293.419292449951,43656,77103,164,2.74965,20.328002353993856,20.081824953963118,266.1951219512195,470.140243902439,0.9207317073170732,0.00459,0.15153000000000003,0.020910680465859168,4.508355140686035,396.7948110103607,38.179545215082996,4.381505966186523,396.6638104915619,38.045077881925884,11.95435619354248,85,2448,331.47424699028494,120,4235,589.5413303670771,219,6683,914.1411355332931,simple_repeat,humaneval,gpt-4-turbo-0409-8repeats-no-temp-incr,run3
3046.8294813632965,3003.359799385071,45005,79915,164,2.8474999999999984,18.57822854489815,18.313169508445554,274.4207317073171,487.2865853658537,0.9146341463414634,0.00519,0.14679,0.021963095721675607,5.496673107147217,181.50391364097595,24.294070579835875,5.119123935699463,180.3035135269165,24.059182065683654,11.796316027641296,85,2448,344.48542552902774,140,4077,619.3474674713019,237,6525,959.0913131396807,simple_repeat,humaneval,gpt-4-turbo-0409-8repeats-no-temp-incr,run4
3314.263350725174,3274.2762451171875,45419,81503,164,2.89928,20.20892287027545,19.965099055592606,276.9451219512195,496.969512195122,0.9207317073170732,0.0051400000000000005,0.15219,0.022929840263996512,5.245686054229736,174.54470920562744,28.742751221347785,5.061300754547119,173.46653652191162,28.50451759466989,12.380292892456055,85,2448,343.1704803228502,143,4257,652.2562579681826,228,6705,990.0636925811136,simple_repeat,humaneval,gpt-4-turbo-0409-8repeats-no-temp-incr,run5
603.1170930862427,369.7156982421875,61190,34554,164,0.08242599999999987,3.67754325052587,2.254364013671875,373.109756097561,210.6951219512195,0.75,8.6e-05,0.0043925,0.0006039592068611065,0.44249534606933594,24.444875717163086,4.2736159773370375,0.3080778121948242,20.161845207214355,2.9408386012219103,1.0930777788162231,85,2365,403.38933699944045,17,2140,298.6047180551076,114,4505,645.3743468587984,simple_repeat,humaneval,gpt-3.5-turbo-0613-5repeats-no-temp-incr,run1
635.9158010482788,393.52594447135925,61190,34268,164,0.08199699999999988,3.8775353722456023,2.3995484418985322,373.109756097561,208.9512195121951,0.75,8.6e-05,0.0043925,0.0005982665498705403,0.5043010711669922,23.351907968521118,4.372399867199126,0.3558793067932129,18.443759202957153,2.9658103601606194,1.294399380683899,85,2365,403.38933699944045,17,2140,293.85015180580575,114,4505,642.6637023327013,simple_repeat,humaneval,gpt-3.5-turbo-0613-5repeats-no-temp-incr,run2
623.1624939441681,376.6708278656006,61190,34393,164,0.08218449999999987,3.7997713045376105,2.296773340643906,373.109756097561,209.71341463414635,0.75,8.6e-05,0.0043925,0.0005974713648578928,0.5253646373748779,24.199141025543213,4.143333787435127,0.32062268257141113,20.303348541259766,2.7382461749259814,1.2689039707183838,85,2365,403.38933699944045,17,2140,293.33491328630816,114,4505,642.1479096475604,simple_repeat,humaneval,gpt-3.5-turbo-0613-5repeats-no-temp-incr,run3
638.3636348247528,406.7182352542877,59981,34411,164,0.08160699999999989,3.89246118795581,2.479989239355413,365.7378048780488,209.8231707317073,0.75,8.6e-05,0.0044195,0.0005994531620430953,0.4858522415161133,25.817792654037476,4.5608565088590955,0.3391597270965576,21.33170437812805,3.2393521615171186,1.3596400022506714,85,2365,383.7698035545596,17,2158,298.22270954858266,114,4523,632.0111262816721,simple_repeat,humaneval,gpt-3.5-turbo-0613-5repeats-no-temp-incr,run4
633.171421289444,396.6901206970215,61190,34276,164,0.08200899999999987,3.860801349325878,2.418842199372082,373.109756097561,209.0,0.75,8.6e-05,0.0043925,0.0005978459519357786,0.45292091369628906,28.57696008682251,4.602749236596986,0.3100852966308594,23.557183265686035,3.2074852658537294,1.1378231048583984,85,2365,403.38933699944045,17,2140,293.51090321613003,114,4505,642.4518507388173,simple_repeat,humaneval,gpt-3.5-turbo-0613-5repeats-no-temp-incr,run5
8746.647540092468,8708.805641889572,41700,81456,164,2.8606800000000026,53.3332167078809,53.102473426155925,254.26829268292684,496.6829268292683,0.9146341463414634,0.00223,0.13269,0.0219270651805205,2.857118606567383,408.07098293304443,68.72565926949207,2.7301063537597656,406.71572613716125,68.51355740768888,32.725505232810974,85,2448,284.0216248908807,46,3855,644.0985497519833,131,6055,909.2342548107188,simple_repeat,humaneval,gpt-4-turbo-0125-8repeats-no-temp-incr,run1
42157.03767490387,39728.51581120491,10010097,995318,164,360.0219899999957,257.0551077738041,242.24704762929824,61037.17682926829,6069.012195121952,0.8353658536585366,0.01821,8.613959999999993,2.995333967688083,4.615357160568237,4671.137011051178,460.6617353386765,4.610860586166382,2310.4462702274323,343.5517764372023,34.62439298629761,339,239022,84461.77528064098,130,26243,7805.783672913093,473,260889,92143.4975322031,lats,humaneval,gpt-4-0613,run1
93959.87075972557,45037.74848604202,13963759,1324674,163,8.968890500000024,576.4409249062918,276.3052054358406,85667.23312883436,8126.834355828221,0.774390243902439,0.0003035,0.20523950000000002,0.05994940669389553,0.8675825595855713,5122.468677282333,916.4591945394498,0.8654859066009521,2474.907593011856,417.83385872429784,65.34215641021729,349,297001,93764.33440408784,77,37826,8859.550321102404,435,334827,102450.43756687213,lats,humaneval,gpt-3.5-turbo-0613,run1
47625.77451181412,47548.17015004158,8949357,1225786,164,126.26715000000006,290.40106409642755,289.9278667685462,54569.25,7474.304878048781,0.8902439024390244,0.008150000000000001,3.54371,1.195297323370542,6.550110101699829,1494.9131627082825,432.4137752443846,6.548010349273682,1493.4706609249115,431.71973750534573,19.765512704849243,339,250733,86724.80824423002,142,35759,11046.66919034682,512,285279,97634.63907404825,lats,humaneval,gpt-4-turbo-2024-04-09,run1
56906.5304415226,55059.117570877075,10019656,1349565,164,140.68351000000013,346.9910392775768,335.7263266516895,61095.46341463415,8229.05487804878,0.823170731707317,0.00903,3.6999700000000004,1.2085716027467448,6.833869695663452,1597.6396312713623,473.7850601960536,6.831733703613281,1597.0508365631104,457.6251190387868,22.769533276557922,339,261334,87839.71779140402,169,36221,11102.906306778088,527,297555,98823.81302476779,lats,humaneval,gpt-4-turbo-2024-04-09,run2
64144.753269433975,54612.7917137146,9601866,1280959,164,134.44742999999974,391.1265443258169,333.00482752265,58547.96341463415,7810.725609756098,0.8841463414634146,0.008879999999999999,4.06513,1.2191473006564963,6.302664041519165,1867.045049905777,569.0990378230237,6.184340953826904,1485.477360010147,474.7022850382806,23.296108603477478,339,280225,89031.23913513336,183,42096,11098.730138674391,522,322321,99962.04884306194,lats,humaneval,gpt-4-turbo-2024-04-09,run3
65022.32431387901,58378.56773304939,10500895,1404059,164,147.13072000000042,396.4775872797501,355.9668764210329,64029.84756097561,8561.335365853658,0.9146341463414634,0.00856,3.6404899999999993,1.2493411790721751,7.099140167236328,1759.2457346916199,539.8161964396039,6.796536207199097,1497.6220018863678,480.12960381662776,24.13296127319336,339,255449,90450.12715280292,158,36200,11570.522563654686,518,291649,101927.62606672557,lats,humaneval,gpt-4-turbo-2024-04-09,run4
93557.37019658089,67565.19495558739,8893446,1168284,164,123.98297999999981,570.4717694913469,411.9828960706548,54228.329268292684,7123.682926829269,0.8902439024390244,0.008690000000000002,3.59545,1.1786467071524556,7.383776426315308,3282.684275865555,926.9827984539361,6.881118535995483,1944.31001329422,637.9483151243802,31.2949116230011,339,259558,86511.73172133742,167,33329,10535.23095781154,533,292887,96944.47466747137,lats,humaneval,gpt-4-turbo-2024-04-09,run5
26838.651674747467,20856.969756126404,14369429,1172133,164,8.942913999999977,163.65031508992357,127.1766448544293,87618.46951219512,7147.15243902439,0.8048780487804879,0.00026849999999999997,0.18192649999999996,0.05861208662083046,0.9906270503997803,7101.7399961948395,590.6419612523368,0.9882025718688965,4006.376061439514,330.43275662639775,23.251309275627136,339,290629,94646.85725254875,66,24408,7625.254669060622,405,315037,102157.8760467533,lats,humaneval,gpt-3.5-turbo-0125,run1
39508.09242391586,26014.797476053238,15098285,1219478,164,9.378359500000013,240.90300258485283,158.6268138783734,92062.71341463414,7435.841463414634,0.7987804878048781,0.00026849999999999997,0.17399500000000007,0.05991878496409284,1.2323076725006104,7283.115035057068,644.3915188431213,1.2280943393707275,4208.924784183502,357.35638452924644,65.22874629497528,339,290213,96908.49158920636,66,26183,7744.4198600396785,405,309472,104536.59393831408,lats,humaneval,gpt-3.5-turbo-0125,run2
31106.572488307953,21283.719271183014,15916971,1285899,164,9.887333999999981,189.67422248968265,129.77877604379887,97054.7012195122,7840.84756097561,0.7926829268292683,0.00026849999999999997,0.17511049999999992,0.058763897918562166,1.1648695468902588,1775.79421210289,269.1243002268823,1.1614549160003662,900.9559547901154,140.246052252196,98.99252557754517,339,293029,95037.26288708915,66,26241,7621.057690787614,405,312093,102515.79121695396,lats,humaneval,gpt-3.5-turbo-0125,run3
17388.12416267395,16473.82802081108,15545819,1259993,164,9.662898999999994,106.02514733337775,100.45017085860415,94791.57926829268,7682.884146341464,0.8353658536585366,0.00026849999999999997,0.15525849999999994,0.05762482477778605,1.1957547664642334,652.7278316020966,110.85973147800223,1.1714224815368652,348.6602487564087,98.99084443628361,86.04811656475067,339,246801,92854.72471164775,66,26641,7601.520222833853,405,266216,100299.19053685502,lats,humaneval,gpt-3.5-turbo-0125,run4
16371.417371988297,15860.04015994072,15426197,1229326,164,9.557087500000005,99.82571568285546,96.70756195085805,94062.1768292683,7495.890243902439,0.7865853658536586,0.00026849999999999997,0.24594850000000004,0.06115058947457263,1.0639376640319824,341.1238968372345,103.80532273605584,1.0612952709197998,337.8819704055786,99.62434015435961,47.91787827014923,339,422597,99558.28691246148,66,28232,7722.831869595453,405,445697,107118.98456968713,lats,humaneval,gpt-3.5-turbo-0125,run5
50979.28596878052,29700.532855272293,13798970,1143529,164,11.262542499999903,310.8493046876861,181.10081009312373,84140.06097560975,6972.737804878048,0.7987804878048781,0.006657000000000001,0.22821100000000016,0.05908956640685613,9.447057008743286,6140.546226024628,685.7159001988422,9.442894458770752,1017.4008815288544,228.06208888959372,90.50017535686493,339,320762,94011.92329664844,181,28823,7253.362920381024,523,349585,101167.64820261877,lats,humaneval,gpt-3.5-turbo-0125_gpt4_0125backend,run1
148186.84234309196,124913.51331830025,12899091,1546721,164,175.3925400000004,903.578306970073,761.6677641359771,78652.99390243902,9431.225609756097,0.8841463414634146,0.00947,4.343590000000002,1.338625045473698,10.688445568084717,3917.5546505451202,1098.925967777003,10.685521841049194,3916.44975399971,951.1077502380283,125.60982298851013,339,347572,100722.54868219317,194,39995,11201.574479781339,551,376501,111738.35826729573,lats,humaneval,gpt-4-turbo-0125,run1
